{
	"editor_view":
	{
		"camera_rad":[-0.168,0.168,10]
	},
	"models":
	[
		{"primitive":"Sphere","position":[-2.222,-0.556,1.667],"rotation":[0,0,0],"scale":[2.093,5.008,2.926],"color":[0.233632,0.0406094,0.637255],},
		{"primitive":"Cube","position":[-0.278,1.111,2.5],"rotation":[0.436,-0.785,2.268],"scale":[1.26,0.843,1.26],"color":[0.862745,0.086573,0.0380623],},
		{"primitive":"Sphere","position":[0.556,1.389,2.778],"rotation":[0,0,0],"scale":[1,1,1],"color":[0.971453,1,0.0294118],},
	]
}
