{
	"editor_view":
	{
		"camera_rad":[0.279297,0.763889,10]
	},
	"models":
	[
		{"primitive":"Sphere","position":[-3.864,2.273,-6.629],"rotation":[0,0,0],"scale":[5.841,2.736,5.425],"color":[0.871285,0.921569,0.0767974],},
		{"primitive":"Cube","position":[-4.318,6.364,-8.202],"rotation":[0.436,-0.785,2.268],"scale":[1.26,0.843,1.26],"color":[0.111592,0.843137,0.799593],},
	]
}
