{
	"editor_preference":
	{
		"favorite_view":[-0.115,0.593,8.447]
	},
	"nodes":
	[
		{"primitive":"Sphere","position":[0,1.111,0],"rotation":[-0.262,0,0.698],"scale":[0.427,1.676,0.427],"color":[0.709804,0.517647,0.921569],},
		{"primitive":"Sphere","position":[1.944,2.222,-0.278],"rotation":[-0.262,-0.262,-0.523],"scale":[0.427,5.008,0.427],"color":[0.708391,0.519512,0.921569],},
		{"primitive":"Sphere","position":[0.278,1.667,1.111],"rotation":[0.436,0,0],"scale":[0.427,4.175,0.427],"color":[0.709804,0.517647,0.921569],},
	]
}
